Cap,Site,Year,Species,Tissue,Num,Sample.weight,Length,Weight,As,Cd,Cu,Pb,Se,Zn
1,DL,2021,LL,m,1,0.4187,254,184,0.426319561,0.008359207,1.130881299,0.013135897,1.086696919,24.35275854
2,DL,2021,LL,l,1,0.1027,254,184,1.212268744,0.959104187,1185.520935,0.35053554,10.68159688,135.7643622
3,DL,2021,LL,g,1,0.1503,254,184,0.954757152,0.209580838,2.970725216,0.542248836,2.654690619,360.1397206
6,DL,2021,LL,m,3,0.2029,158,42,0.394282898,0.002561399,1.35781173,0.019714145,1.034992607,31.61163135
7,DL,2021,LL,l,3,0.0972,158,42,0.874485597,0.787037037,427.6748971,0.118312757,6.399176955,193.5493827
8,DL,2021,LL,g,3,0.0993,158,42,1.12286002,0.216515609,6.273917422,0.790533736,2.079556898,367.9758308
9,DL,2021,LL,m,4,0.2618,141,28,0.439266616,0.06684492,2.725362872,0.024828113,1.508785332,45.2750191
10,DL,2021,LL,l,4,0.0797,141,28,1.210790464,1.104140527,429.1781681,0.30740276,8.067754078,210.0439147
11,DL,2021,LL,g,4,0.0445,141,28,0.943820225,0.202247191,5.06741573,0.808988764,2.617977528,331.4044944
12,DL,2021,LL,m,5,0.3536,392,564,0.675904977,0.005656109,1.199095023,0.005166614,0.852658371,22.04044118
13,DL,2021,LL,l,5,0.1454,392,564,1.770976616,1.403026135,2001.966988,0.269944979,10.43328748,151.7383081
14,DL,2021,LL,g,5,0.1355,392,564,1.035055351,0.424354244,3.649446494,0.525830258,1.867158672,603.0830258
15,DL,2021,LL,m,6,0.3128,167,52,1.189258312,0.007992327,1.118925831,0.014386189,1.226023018,30.60901535
16,DL,2021,LL,l,6,0.0897,167,52,17.04013378,1.031215162,343.1047938,0.200668896,7.441471572,204.6878484
17,DL,2021,LL,g,6,0.0988,167,52,1.022267206,0.263157895,6.487854251,0.369433198,2.722672065,337.1761134
18,DL,2021,LL,m,7,0.4414,188,74,0.468962392,0.006796556,1.346850929,0.015858632,0.797462619,34.26710467
19,DL,2021,LL,l,7,0.1337,188,74,1.290201945,0.828347046,472.486911,0.437546746,6.02842184,215.7872102
20,DL,2021,LL,g,7,0.0781,188,74,0.806658131,0.19206146,8.341869398,1.139564661,1.145966709,324.6670935
21,DL,2021,LL,m,8,0.4281,183,72,1.609437047,0.005839757,1.271899089,0.014015417,1.334968465,25.13431441
22,DL,2021,LL,l,8,0.1053,183,72,1.528964862,1.182336182,434.7103514,0.375118708,8.290598291,166.8328585
23,DL,2021,LL,g,8,0.0685,183,72,0.861313869,0.430656934,9.430656934,0.255474453,8,133.4817518
26,DL,2021,LL,l,13,0.1422,436,717,1.053094233,5.170534459,4030.444796,0.48347398,13.83614627,193.7113221
27,DL,2021,LL,m,14,0.3905,147,36,0.443021767,0.008962868,1.66837388,0.019206146,1.241997439,38.56081946
28,DL,2021,LL,l,14,0.0627,147,36,0.733652313,0.518341308,365.661882,0.28708134,6.275917065,197.3524721
29,DL,2021,LL,g,14,0.0534,147,36,2.743445693,0.280898876,22.58426966,3.174157303,3.286516854,455.4400749
30,DL,2021,LL,m,13,0.3463,436,717,0.613629801,0.001500744,0.99047069,0.012994513,0.929829627,15.10251227
31,DL,2021,LL,g,13,0.1404,436,717,1.011396011,0.192307692,6.933760684,2.792022792,1.848290598,353.9351852
32,DL,2021,RSSH,wb,1,0.0499,25,0.22,3.386773547,0.250501002,14.36873747,1.422845691,1.432865731,245.5210421
33,DL,2021,RSSH,wb,2,0.0674,25,0.31,4.302670623,0.356083086,50.9421365,2.121661721,1.543026706,218.0267062
34,DL,2021,RSSH,wb,3,0.0248,21,0.18,4.193548387,0.302419355,14.71774194,1.834677419,1.22983871,235
35,DL,2021,RSSH,wb,4,0.0748,26,0.24,2.774064171,0.193850267,13.09491979,1.203208556,1.21657754,198.6096257
36,DL,2021,RSSH,wb,5,0.045,25,0.21,3.155555556,0.255555556,13.31111111,0.755555556,1.222222222,199.5111111
37,DL,2021,RSSH,wb,6,0.0412,24,0.2,2.985436893,0.254854369,12.2815534,0.776699029,1.322815534,225.8980583
38,DL,2021,RSSH,wb,7,0.0521,26,0.27,1.957773512,0.19193858,10.65259117,0.547024952,1.247600768,195.3358925
39,DL,2021,RSSH,wb,8,0.1003,27,0.2,2.193419741,0.249252243,10.3439681,0.54336989,1.655034895,193.2552343
41,DL,2021,LNSU,wb,1,0.2257,44,1.15,3.925564909,0.243686309,19.45945946,1.291537439,1.070004431,189.322109
42,DL,2021,LNSU,wb,2,0.1515,38.5,0.4,8.924092409,0.227722772,36.85808581,3.02970297,2.079207921,163.6072607
43,DL,2021,LNSU,wb,3,0.1124,34.5,0.4,12.39323843,0.444839858,42.8158363,3.358540925,2.081850534,213.838968
44,DL,2021,LNDC,m,1,0.0355,69,NA,0.563380282,0.112676056,6.507042254,0.051462382,1.211267606,80.30985915
45,DL,2021,LNDC,m,2,0.0416,61,NA,0.420673077,0.036057692,4.663461538,0.043916215,0.733173077,102.1033654
46,DL,2021,LNDC,m,3,0.0292,61,NA,0.273972603,0.119863014,4.674657534,0.062565567,1.455479452,92.82534247
47,DL,2021,LSSU,m,1,0.401,468,1056,0.226932668,0.011221945,1.340399002,0.02244389,0.598503741,28.51995012
48,DL,2021,LSSU,g,1,0.1375,468,1056,0.589090909,0.083636364,5,0.694545455,0.858181818,74.46181818
49,DL,2021,LSSU,m,2,0.4466,480,1114,0.283251232,0.013434841,1.334527541,0.033587103,0.798253471,24.26444245
50,DL,2021,LSSU,g,2,0.1217,480,1114,0.714872638,0.13147083,5.940838127,0.920295809,1.400986031,100.3574363
51,DL,2021,LSSU,l,2,0.071,480,1114,0.394366197,0.781690141,12.03521127,0.091549296,1.232394366,110.4647887
52,DL,2021,LSSU,m,3,0.3021,449,989,0.266468057,0.008275405,1.337305528,0.02979146,0.527970871,29.62760675
53,DL,2021,LSSU,g,3,0.1487,449,989,0.524546066,0.137861466,4.946200403,0.568258238,1.775386685,89.23335575
54,DL,2021,LSSU,m,4,0.3861,460,1016,0.238280238,0.003885004,2.066822067,0.023310023,0.833980834,27.86842787
55,DL,2021,LSSU,g,4,0.08,460,1016,0.4125,0.0875,5.50625,0.71875,1.61875,69.625
56,DL,2021,LSSU,m,5,0.3315,430,816,0.253393665,0.004524887,1.340874811,0.021116139,0.68627451,22.81297134
57,DL,2021,LSSU,g,5,0.0509,430,816,0.461689587,0.10805501,14.2043222,0.746561886,1.591355599,99.53831041
58,DL,2021,LSSU,m,6,0.2868,428,844,0.235355649,0.008716876,1.392956764,0.027894003,1.201185495,25.13772664
59,DL,2021,LSSU,g,6,0.1449,428,844,0.655624569,0.155279503,6.007591442,1.839199448,1.93236715,105.4554865
60,DL,2021,LSSU,m,7,0.4045,479,1134,0.241038319,0.004944376,1.343634116,0.013597033,0.577255871,31.35352287
61,DL,2021,LSSU,g,7,0.0977,479,1134,0.342886387,0.092118731,5.547594678,0.624360287,1.028659161,97.1136131
62,DL,2021,LSSU,m,8,0.3819,436,862,0.199004975,0.00785546,1.632626342,0.011783189,0.555119141,21.34852056
63,DL,2021,LSSU,g,8,0.0881,436,862,0.289443814,0.119182747,4.659477866,0.584562997,1.08399546,113.3314415
64,DL,2021,LSSU,m,9,0.4958,436,862,0.320693828,0.005042356,1.413876563,0.014118596,0.695845099,23.88563937
75,DL,2021,MWF,m,2,0.3923,443,870,0.355595208,0.006372674,0.842467499,0.004656932,0.611776702,11.4542442
76,DL,2021,MWF,g,2,0.1453,443,870,0.471438403,0.196145905,3.386097729,0.464556091,4.824501032,74.61803166
77,DL,2021,MWF,l,2,0.1125,443,870,0.773333333,0.577777778,435.52,0.111111111,6.56,205.0222222
78,DL,2021,MWF,m,3,0.4368,438,766,0.178571429,0.034340659,1.3003663,0.044642857,0.907738095,15.5139652
79,DL,2021,MWF,g,3,0.1034,438,766,0.609284333,0.449709865,6.460348162,1.155705996,4.284332689,75.64796905
80,DL,2021,MWF,l,3,0.1182,438,766,0.81641286,4.035532995,28.48984772,0.194585448,5.837563452,151.036379
81,DL,2021,MWF,m,4,0.4011,365,458,0.241834954,0.007479432,1.043380703,0.011219147,0.832710047,12.31987036
82,DL,2021,MWF,g,4,0.0936,365,458,0.486111111,0.202991453,2.938034188,0.908119658,3.125,65.65705128
83,DL,2021,MWF,l,4,0.1211,365,458,0.706028076,0.879438481,14.01734104,0.123864575,9.149463254,126.4450867
84,DL,2021,MWF,m,5,0.3975,266,168,0.325786164,0.008805031,1.793710692,0.004596011,1.28427673,21.68050314
85,DL,2021,MWF,g,5,0.0567,266,168,0.784832451,0.379188713,4.567901235,0.317460317,6.754850088,101.5696649
86,DL,2021,MWF,l,5,0.874,266,168,0.061784897,0.035469108,0.934210526,0.013157895,1.554919908,9.339816934
87,DL,2021,MWF,m,6,0.3436,390,636,0.480209546,0.014551804,1.116123399,0.005316981,0.56024447,13.82130384
88,DL,2021,MWF,g,6,0.1465,390,636,0.829351536,0.160409556,3.518771331,1.092150171,1.651877133,64.07167235
89,DL,2021,MWF,l,6,0.1397,390,636,0.429491768,2.451682176,15.77666428,0.182534001,6.252684324,89.04080172
90,DL,2021,MWF,m,7,0.3314,400,644,0.268557634,0.004526252,0.988231744,0.005512717,0.695534098,13.96801448
201,DL,2022,LL,m,104,0.3825,175,60,0.767320261,0.003921569,1.186928105,0.011764706,1.349019608,27.16470588
202,DL,2022,LL,m,103,0.3655,166,45,0.452804378,0.008207934,1.10123119,0.004998398,1.755129959,23.40492476
203,DL,2022,LL,g,103,0.0511,166,45,1.350293542,0.205479452,9.980430528,0.909980431,5.107632094,364.6183953
204,DL,2022,LL,l,103,0.803,166,45,0.063511831,0.01867995,31.96699875,0.009339975,1.353051059,13.90348692
205,DL,2022,LL,g,102,0.0773,186,100,4.062095731,0.42690815,34.10090556,4.838292367,3.040103493,266.6429495
206,DL,2022,LL,m,102,0.4186,186,100,0.656951744,0.003583373,1.254180602,0.010750119,0.846870521,25.97945533
207,DL,2022,LL,l,102,0.1455,186,100,0.896907216,0.924398625,389.1030928,0.16838488,6.591065292,142.8522337
208,DL,2022,LL,l,101,0.0962,340,360,0.91995842,1.153846154,1151.049896,0.150727651,9.636174636,161.3825364
209,DL,2022,LL,g,101,0.0869,340,360,0.82278481,0.299194476,3.147295742,0.517836594,1.766398159,486.3924051
210,DL,2022,LL,m,101,0.4203,340,360,0.73875803,0.001236516,1.017130621,0.004346692,0.819652629,20.11896265
211,DL,2022,LL,g,104,0.0842,175,60,2.143705463,0.172209026,12.64845606,1.6152019,2.743467933,370.611639
212,DL,2022,LL,l,104,0.0962,175,60,1.003118503,0.680873181,467.1309771,0.155925156,7.739085239,221.3565489
213,DL,2022,MWF,g,1,0.1499,351,485,0.773849233,0.376917945,7.391594396,0.723815877,9.292861908,100.8038692
214,DL,2022,MWF,l,1,0.1483,351,485,0.60687795,0.347269049,11.01146325,0.124747134,6.86109238,119.6999326
215,DL,2022,MWF,m,1,0.2696,351,485,0.322700297,0.005563798,1.066394659,0.006776389,0.752967359,16.38353116
216,DL,2022,MWF,g,2,0.069,262,200,0.666666667,0.289855072,2.644927536,0.333333333,5.311594203,104.1086957
217,DL,2022,MWF,m,2,0.2803,262,200,0.251516233,0.001854113,1.32001427,0.017838031,1.403853015,19.57188726
218,DL,2022,MWF,l,2,0.1294,262,200,0.382534776,0.193199382,10.32457496,0.061823802,12.16383308,136.4296754
219,DL,2022,MWF,m,3,0.3335,431,860,0.295352324,0.013493253,1.169415292,0.005478005,0.766116942,15.24437781
220,DL,2022,MWF,g,3,0.1283,431,860,0.51441933,0.358534684,3.733437256,0.639127046,7.084957132,82.22525331
221,DL,2022,MWF,l,3,0.0827,431,860,0.507859734,1.438935913,10.30834341,0.253929867,6.039903265,98.58524788
222,DL,2022,MWF,g,4,0.0875,438,820,1.708571429,0.194285714,6.24,1.931428571,1.851428571,77.60571429
223,DL,2022,MWF,m,4,0.2909,438,820,0.81471296,0.012031626,1.139566861,0.015469233,0.742523204,33.75730492
224,DL,2022,MWF,l,4,0.1479,438,820,20.0540906,3.427991886,21.07843137,0.256930358,5.057471264,126.402975
225,DL,2022,MWF,m,5,0.2601,362,500,0.240292195,0.013456363,1.049596309,0.007023893,0.891964629,19.98269896
226,DL,2022,MWF,l,5,0.0636,362,500,0.754716981,0.731132075,9.017295597,0.110062893,7.775157233,106.6666667
227,DL,2022,MWF,g,5,0.1072,362,500,0.979477612,0.275186567,3.17630597,0.47108209,4.258395522,93.85727612
228,DL,2022,LSSU,m,1,0.3504,612,2640,0.894691781,0.008561644,1.666666667,0.054223744,1.057363014,20.13127854
229,DL,2022,LSSU,l,1,0.1195,612,2640,3.744769874,2.351464435,23.92887029,0.213389121,3.364016736,96.44769874
230,DL,2022,LSSU,g,1,0.1445,612,2640,5.605536332,0.183391003,9.615916955,1.588235294,2.273356401,54.03114187
231,DL,2022,LSSU,g,2,0.1474,583,1980,2.903663501,0.413839891,4.979647218,1.224559023,0.91587517,70.67164179
232,DL,2022,LSSU,m,2,0.2442,583,1980,0.008378753,0.002128205,0.090989226,0.007481223,0.017312996,0.656471565
233,DL,2022,LSSU,g,3,0.1218,460,1045,1.654351396,0.13546798,7.179802956,0.948275862,1.732348112,76.0591133
234,DL,2022,LSSU,m,3,0.4472,460,1045,0.439400716,0.00559034,1.195214669,0.017889088,0.761404293,25.27504472
235,DL,2022,LSSU,l,4,0.1512,488,1425,0.972222222,2.010582011,79.18320106,0.198412698,2.685185185,165.2281746
236,DL,2022,LSSU,m,4,0.2579,488,1425,0.27723924,0.007754944,1.496704149,0.015509888,0.715393563,25.75416828
237,DL,2022,LSSU,g,4,0.1089,488,1425,0.720844812,0.12855831,6.331496786,0.858585859,1.808999082,78.76951331
238,DL,2022,LSSU,m,5,0.2806,520,1615,0.728795438,0.005345688,1.006771205,0.011582324,1.882573058,27.1730221
239,DL,2022,LSSU,g,5,0.143,520,1615,3.192307692,0.129370629,13.77972028,2.111888112,1.783216783,87.61188811
240,GC,2022,MWF,m,1,0.2638,405,690,0.240712661,0.015163002,0.951478393,0.018953753,0.826383624,14.36694466
241,GC,2022,MWF,l,8,0.1344,330,370,3.954613095,3.939732143,3.939732143,4.203869048,4.263392857,24.30059524
242,GC,2022,MWF,g,1,0.0682,405,690,0.667155425,0.410557185,3.350439883,0.593841642,6.524926686,83.05718475
243,GC,2022,MWF,m,8,0.32,330,370,0.3125,0.0046875,1.1421875,0.005709108,0.8546875,23.053125
244,GC,2022,MWF,l,1,0.1421,405,690,0.795214638,1.171710063,11.01688951,0.267417312,9.683321605,111.3476425
245,GC,2022,MWF,g,15,0.0767,244,155,0.345501956,0.162972621,2.438070404,0.254237288,10.84093872,100.6062581
246,GC,2022,MWF,l,15,0.0682,244,155,0.850439883,0.410557185,9.413489736,0.065982405,6.634897361,92.28005865
247,GC,2022,MWF,m,3,0.3439,250,145,0.207909276,0.004361733,1.224193079,0.005312342,1.203838325,21.99331201
248,GC,2022,MWF,g,3,0.0524,250,145,0.353053435,0.229007634,3.769083969,0.295801527,14.47519084,120.3530534
249,GC,2022,MWF,l,3,0.107,250,145,1.014018692,0.182242991,8.172897196,0.056074766,6.808411215,153.5140187
250,GC,2022,MWF,m,15,0.3274,244,155,0.287110568,0.009163103,1.527183873,0.013744655,1.704337202,22.73365913
301,GC,2022,MWF,g,8,0.0774,330,370,0.458656331,0.187338501,2.235142119,0.213178295,6.117571059,87.66149871
302,GC,2022,MWF,M,9,0.326,426,835,0.40797546,0.02607362,0.826687117,0.005604032,0.680981595,15.77607362
303,GC,2022,MWF,l,9,0.0725,426,835,0.751724138,3.889655172,19.77241379,0.24137931,5.372413793,182
304,GC,2022,MWF,g,9,0.1412,426,835,0.690509915,0.385977337,2.779745042,2.089235127,2.489376771,78.36402266
305,BG,2022,LNDC,m,1,0.1177,77,5,0.165675446,0.28462192,3.802039082,0.046728972,2.090059473,60.60322855
306,BG,2022,LSSU,m,1,0.3082,470,1215,0.387735237,0.011356262,1.32706035,0.012978585,0.84523037,20.54023361
307,BG,2022,LSSU,g,1,0.1348,470,1215,0.971810089,0.630563798,12.78560831,0.760385757,1.839762611,116.1646884
308,BG,2022,LSSU,g,2,0.1494,430,880,0.739625167,0.358099063,5.3145917,0.505354752,1.663319946,102.3627845
309,BG,2022,LSSU,m,2,0.3467,430,880,0.57542544,0.012979521,1.9180848,0.005269439,0.422555524,25.09374099
310,BG,2022,LL,g,1,0.0536,320,265,0.46641791,0.223880597,8.600746269,0.78358209,1.865671642,316.8656716
311,BG,2022,LL,m,1,0.4051,320,265,0.388792891,0.013576895,1.466304616,0.004509787,1.06763762,31.36509504
312,BG,2022,LL,m,2,0.3381,292,275,0.316474416,0.001537142,1.02484472,0.005403474,1.140195209,22.12215321
313,BG,2022,LL,m,6,0.2698,366,450,0.149184581,0.006486286,1.270385471,0.01204596,1.006300964,27.06727205
314,BG,2022,LL,g,6,0.0888,366,450,0.489864865,0.275900901,7.31981982,1.047297297,2.561936937,390.1013514
315,BG,2022,LL,g,4,0.0993,429,640,0.715005035,0.171198389,20.55387714,0.563947633,3.136958711,214.8439074
316,BG,2022,LL,m,4,0.4524,429,640,1.128426172,0.004420866,0.984748011,0.008841733,1.151635721,24.89168877
317,BG,2022,LL,g,3,0.0696,301,280,1.063218391,0.201149425,16.12787356,0.804597701,3.060344828,371.4798851
318,BG,2022,LL,m,3,0.344,301,280,0.563953488,0.005813953,1.393895349,0.005310798,1.216569767,34.35465116
319,BG,2022,LL,g,2,0.0519,292,275,0.70327553,0.260115607,98.88246628,0.433526012,2.668593449,568.3815029
320,BG,2022,MWF,l,11,0.1412,435,750,0.817988669,0.800283286,9.390934844,0.251416431,6.487252125,118.8916431
321,BG,2022,MWF,g,11,0.1116,435,750,0.39874552,0.506272401,3.566308244,1.308243728,13.28853047,92.05197133
322,BG,2022,MWF,m,11,0.3965,435,750,0.21185372,0.018915511,1.121059269,0.022698613,1.021437579,16.55233291
323,BG,2022,MWF,m,8,0.343,361,460,0.285714286,0.00728863,1.325072886,0.014577259,1.314868805,19.09912536
324,BG,2022,MWF,l,8,0.1115,361,460,0.838565022,0.964125561,7.914798206,0.170403587,11.26457399,224.5156951
325,BG,2022,MWF,g,8,0.1254,361,460,1.00877193,0.438596491,6.319776715,1.263955343,11.77033493,127.3205742
326,BG,2022,MWF,g,10,0.0838,430,815,0.507159905,1.097852029,4.910501193,1.19928401,4.994033413,101.0381862
327,BG,2022,MWF,m,10,0.4787,430,815,0.238144976,0.026112388,0.830373929,0.003816408,0.838729893,18.20660121
328,BG,2022,MWF,l,10,0.1376,430,815,0.777616279,2.082122093,9.712936047,0.188953488,5.715843023,191.0210756
329,BG,2022,MWF,l,2,0.0954,452,955,0.398322851,1.546121593,10.29874214,0.283018868,10.61320755,112.4737945
330,BG,2022,MWF,m,2,0.2967,452,955,0.210650489,0.00842602,1.014492754,0.006157447,0.910010111,13.96191439
331,BG,2022,MWF,g,2,0.1176,452,955,0.510204082,0.170068027,2.886904762,1.56037415,4.115646259,76.02040816
332,BG,2022,MWF,m,1,0.2088,426,762,0.337643678,0.007183908,0.998563218,0.069444444,0.842911877,13.45785441
333,BG,2022,MWF,l,1,0.1482,426,762,0.36099865,1.255060729,10.6511471,0.165317139,13.55937922,107.4696356
334,BG,2022,MWF,g,1,0.1109,426,762,0.450856628,0.243462579,4.57619477,0.536519387,5.861136159,92.35798016
335,BG,2021,LSSU,m,15,0.3813,534,1700,0.196695515,0.028848676,1.435877262,0.036716496,0.849724626,32.2134802
336,BG,2021,LSSU,l,14,0.0175,174,65,0.771428571,0.342857143,23.08571429,0.257142857,2.228571429,119.6571429
337,BG,2021,LSSU,g,15,0.1313,534,1700,0.418888043,0.712109673,7.600913938,0.734958111,1.477532369,61.85072353
338,BG,2021,LL,m,2,0.2697,390,625,0.517241379,0.001926985,1.820541342,0.006773877,1.203188728,28.61883574
339,BG,2021,LL,l,10,0.1327,205,95,1.262245667,0.708364732,103.1763376,0.211002261,6.412961567,263.8696307
340,BG,2021,LL,m,10,0.3953,205,95,2.245130281,0.007589173,1.335694409,0.011383759,1.746774602,30.41108019
341,BG,2021,LL,g,10,0.0501,205,95,1.497005988,0.469061876,9.331337325,1.007984032,5.079840319,317.754491
342,BG,2021,LL,m,9,0.3221,280,230,0.861533685,0.004656939,1.244954983,0.015523129,0.965538653,19.4240919
343,BG,2021,LL,g,9,0.0573,280,230,3.90052356,1.064572426,16.36125654,2.591623037,2.897033159,548.6823735
345,BG,2021,LL,l,8,0.062,150,35,0.637096774,0.709677419,138.3306452,0.282258065,5.540322581,337.1612903
346,BG,2021,LL,g,8,0.0288,150,35,1.805555556,0.3125,15.53819444,2.170138889,3.489583333,463.1597222
347,BG,2021,LL,m,8,0.1719,150,35,0.875509017,0.003023314,1.332169866,0.010627775,1.524141943,34.60442118
348,BG,2021,LL,m,7,0.3174,198,80,1.93131695,0.007876497,5.459987398,0.005755874,1.43194707,34.95116572
349,BG,2021,LL,l,7,0.1217,198,80,1.380443714,0.829909614,367.6663928,0.238290879,9.231717338,241.5036976
350,BG,2021,LL,g,7,0.0495,198,80,1.95959596,0.383838384,17.04040404,3,3.323232323,458.9292929
351,BG,2021,LSSU,m,14,0.2862,174,65,0.414046122,0.00873515,1.090146751,0.006383349,0.751222921,40.6219427
352,BG,2021,LNSU,g,3,0.0539,205,85,0.918367347,0.398886827,17.45825603,0.538033395,2.782931354,101.4749536
353,BG,2021,LNSU,m,3,0.365,205,85,0.468493151,0.010958904,0.976712329,0.005005245,0.623287671,19.40821918
354,BG,2021,RSSH,wb,1,0.0969,20,0.61,3.281733746,0.278637771,23.18369453,3.054695562,2.765737874,237.4871001
355,BG,2021,RSSH,wb,2,0.1529,20,0.79,2.253106606,0.353172008,20.77501635,2.697841727,2.943100065,229.8855461
356,BG,2021,RSSH,wb,3,0.0874,20,0.67,2.173913043,0.245995423,17.9805492,1.939359268,2.946224256,230.0629291
357,BG,2021,RSSH,wb,4,0.1033,20,0.57,1.766698935,0.387221684,18.08325266,1.665053243,2.666989351,225.5517909
358,BG,2021,RSSH,wb,5,0.0887,20,0.51,2.773393461,0.298759865,16.09921082,1.623449831,2.576099211,245.3945885
400,GC,2021,LL,l,4,0.1106,181,70,0.452079566,0.506329114,160.1582278,0.334538879,11.17088608,185.5153707
401,GC,2021,LL,g,4,0.0436,181,70,0.837155963,0.160550459,9.185779817,1.077981651,5.711009174,351.9724771
402,GC,2021,LL,g,3,0.0679,175,60,2.010309278,0.198821797,17.56995582,2.407952872,3.431516937,291.5095729
404,GC,2021,LL,l,3,0.0347,175,60,0.83573487,1.152737752,178.0835735,0.052648834,7.262247839,266.3256484
405,GC,2022,LL,g,8,0.0221,107,10,0.588235294,0.520361991,17.48868778,0.429864253,2.805429864,383.0995475
406,GC,2022,LL,m,11,0.3802,155,10,0.410310363,0.03945292,2.405312993,0.010520779,1.675433982,48.15491846
407,GC,2022,LL,m,12,0.322,124,5,0.330745342,0.100931677,3.251552795,0.052795031,1.161490683,60.38198758
408,BG,2021,MWF,g,2,0.1058,170,45,0.973534972,0.458412098,12.60869565,0.623818526,5.883742911,159.3809074
409,BG,2021,MWF,g,5,0.214,282,260,0.462616822,0.495327103,3.913551402,0.406542056,20.06542056,106.1845794
410,BG,2021,LSSU,m,4,0.3404,490,1345,0.465628672,0.00440658,1.498237368,0.016157462,0.586075206,37.79817861
411,BG,2021,LSSU,m,3,0.378,476,1170,0.547619048,0.014550265,1.092592593,0.004833107,0.871693122,21.3505291
412,BG,2021,LSSU,g,15,0.2154,534,1700,0.427112349,0.828690808,8.785979573,0.756731662,1.552924791,67.38857939
413,BG,2021,LSSU,m,15,0.3778,534,1700,0.005415806,0.001375616,0.058813046,0.004835666,0.011190666,0.424325982
414,BG,2021,MWF,m,15,0.3867,366,525,0.258598397,0.00646496,1.099043186,0.004724372,1.031807603,17.95448668
416,BG,2021,LNSU,m,2,0.3529,245,160,0.524227827,0.005667328,1.795126098,0.025502975,0.647492207,44.65712666
417,BG,2021,LNSU,g,3,0.1079,205,85,1.031047266,0.354494903,18.49629286,0.634847081,2.106116775,106.39481
418,GC,2021,MWF,m,9,0.2902,263,170,0.258442453,0.005168849,1.319779462,0.006295364,1.812543074,21.9279807
419,GC,2021,LL,m,1,0.2587,281,210,1.026285273,0.002008921,1.23308852,0.007061904,1.242752223,24.46463085
420,GC,2022,LL,g,12,0.0382,124,5,0.458115183,0.27486911,16.37434555,0.54973822,1.793193717,353.4424084
421,GC,2022,LL,g,11,0.0683,155,10,0.622254758,0.285505124,19.01171303,0.344070278,2.833089312,304.7071742
422,GC,2022,LL,m,14,0.4087,156,10,0.343772939,0.006116956,1.392219232,0.024467825,3.5894299,55.2654759
423,GC,2022,LL,m,9,0.4309,245,150,0.334184265,0.008122534,1.147598051,0.004239765,1.446971455,56.83337201
424,GC,2022,LL,g,9,0.1388,245,150,7.204610951,2.88184438,116.7146974,3.242074928,46.46974063,4088.256484
425,GC,2022,LL,m,8,0.1398,107,10,0.429184549,0.107296137,4.885550787,0.032188841,1.824034335,82.9434907
426,GC,2021,MWF,M,11,0.3183,252,165,0.27332705,0.00628338,1.201696513,0.0057396,1.698083569,18.25007854
427,GC,2021,LL,m,1,0.4183,281,210,0.211570643,0.003585943,1.011235955,0.004367474,0.937126464,15.68371982
428,BG,2021,LNSU,m,1,0.3275,229,115,0.322137405,0.030534351,3.103816794,0.005578365,1.132824427,55.1221374
429,BG,2021,MWF,m,5,0.3416,282,260,0.180035129,0.004391101,1.466627635,0.00534811,1.285128806,18.27283372
430,BG,2021,LL,m,6,0.2805,287,255,0.484848485,0.002673797,1.06684492,0.005347594,0.930481283,17.42067736
431,BG,2021,mwf,m,2,0.2066,170,45,0.542110358,0.036302033,2.320909971,0.104065828,1.957889642,36.08422072
432,BG,2021,MWF,m,4,0.2966,385,660,0.310182063,0.015171949,0.977747808,0.015171949,0.982805125,21.56608227
433,BG,2021,MWF,g,15,0.1249,366,525,0.67253803,0.384307446,3.57886309,0.648518815,8.923138511,89.91192954
434,BG,2021,LL,m,4,0.2944,310,325,0.409307065,0.005095109,1.122622283,0.006205552,0.835597826,20.1002038
435,BG,2021,LL,l,1,0.1206,235,155,6.218905473,19.90049751,9418.739635,2.072968491,142.6202322,1956.467662
436,BG,2021,LSSU,g,8,0.4101,478,1195,0.635210924,0.147524994,8.966105828,0.748597903,1.976347232,86.47524994
437,BG,2021,lssu,m,8,0.3942,478,1195,0.192795535,0.005073567,1.003297818,0.02283105,0.774987316,26.01471334
438,BG,2021,LNSU,g,2,0.0527,245,160,1.612903226,0.483870968,17.78937381,1.375711575,2.409867173,135
439,GC,2021,MWF,l,11,0.0937,252,165,0.474919957,0.581643543,13.9167556,0.112059765,19.92529349,114.3916756
440,GC,2021,MWF,m,10,0.3524,258,185,0.225595914,0.011350738,1.340805902,0.005184207,0.908059024,20.55902384
441,GC,2021,LL,g,14,0.1156,423,625,1.064013841,0.419550173,9.597750865,2.102076125,3.066608997,247.9714533
442,GC,2021,MWF,g,1,0.0748,307,325,0.447860963,0.381016043,3.75,0.655080214,10.20721925,114.8796791
443,GC,2021,MWF,m,14,0.2941,390,715,0.198911935,0.011900714,1.171370282,0.015300918,0.878952737,13.53621217
447,GC,2021,LL,l,14,0.0831,423,625,10.83032491,36.70276775,35770.75812,3.610108303,268.3513839,3983.754513
449,BG,2021,LL,l,4,0.0823,310,325,3.645200486,10.93560146,9515.188335,1.215066829,140.3402187,1653.09842
505,GC,2021,LL,l,11,0.1437,377,525,4.871259569,14.61377871,9145.441893,2.087682672,166.3187196,2318.719555
513,BG,2021,LL,l,6,0.1543,287,255,4.86066105,7.77705768,4370.058328,1.29617628,98.50939728,1878.807518
522,GC,2022,LL,g,14,0.0501,156,10,0.379241517,0.109780439,7.215568862,0.489021956,7.4750499,202.0259481
523,GC,2021,LNDC,wb,1,0.0955,32,48,0.994764398,0.628272251,15.12041885,0.989528796,1.848167539,205.3350785
524,GC,2021,LNDC,wb,2,0.143,42,83,0.863636364,0.608391608,10.2972028,0.548951049,1.622377622,161.0909091
525,GC,2021,LNSU,m,1,0.4282,181,655,0.409855208,0.117935544,2.589911256,0.088743578,0.817375058,50.92947221
526,GC,2021,LSSU,wb,12,0.0657,38,0.47,3.828006088,0.251141553,28.33333333,2.914764079,1.750380518,149.56621
527,GC,2021,RSSH,wb,1,0.0157,NA,0.06,0.732484076,0.50955414,13.05732484,2.579617834,1.847133758,145.0318471
528,GC,2021,LL,na,101,0.1188,,,3.367003367,15.15151515,8421.717172,0.841750842,268.9393939,1605.639731
529,BG,2022,LSSU,g,6,0.1503,423,770,0.854956753,0.399201597,5.655355955,0.442448436,1.842980705,101.2175649
530,BG,2021,MWF,m,1,0.3073,312,365,0.289619265,0.006508298,1.262609828,0.005945052,0.850959974,15.05694761
531,BG,2021,LL,g,3,0.1295,246,165,12.35521236,5.019305019,127.027027,17.76061776,25.86872587,5010.03861
532,BG,2021,LNSU,l,2,0.0309,245,160,1.521035599,0.938511327,75.97087379,0.258899676,3.365695793,152.1359223
533,BG,2021,LNSU,L,1,0.0996,229,115,2.740963855,0.436746988,35.57730924,4.603413655,1.887550201,187.7761044
534,BG,2021,LL,m,1,0.3084,235,155,0.319390402,0.004863813,1.027885863,0.012970169,1.26459144,17.43514916
535,BG,2021,LL,m,9,0.3013,230,28,0.912711583,0.004978427,1.037172254,0.019913707,1.062064388,17.91901759
536,BG,2022,LSSU,g,7,0.1295,487,1265,0.590733591,0.123552124,4.694980695,0.44015444,1.637065637,77.83011583
537,GC,2021,LSSU,wb,11,0.0703,36,0.3,3.321479374,0.248933144,23.314367,2.588904694,1.571834993,133.6059744
538,GC,2021,MWF,l,11,0.1307,252,165,0.554705432,0.313695486,8.006885998,0.053557766,13.94032135,134.716909
539,GC,2021,LL,m,11,0.4481,377,525,0.638250391,0.004463289,0.997545191,0.004077024,1.08234769,15.22874358
540,GC,2021,LNSU,m,2,0.2266,128,15,1.151809356,0.079435128,7.248455428,0.044130627,1.47396293,55.01323919
541,GC,2021,LL,g,10,0.121,369,495,6.198347107,2.892561983,46.69421488,7.024793388,22.72727273,5017.768595
,,,,,,,,,,,,,,
,,,,,,,,,,,,,,
,,,,,,,,,,,,,,
,,,,,,,,,,,,,,
,,,,,,,,,,,,,,
,,,,,,,,,,,,,,
,,,,,,,,,,,,,,
,,,,,,,,,,,,,,
,,,,,,,,,,,,,,
,,,,,,,,,,,,,,
,,,,,,,,,,,,,,
,,,,,,,,,,,,,,
,,,,,,,,,,,,,,
,,,,,,,,,,,,,,
,,,,,,,,,,,,,,
,,,,,,,,,,,,,,
,,,,,,,,,,,,,,
,,,,,,,,,,,,,,
,,,,,,,,,,,,,,
,,,,,,,,,,,,,,
,,,,,,,,,,,,,,
,,,,,,,,,,,,,,
,,,,,,,,,,,,,,
,,,,,,,,,,,,,,
,,,,,,,,,,,,,,
,,,,,,,,,,,,,,
,,,,,,,,,,,,,,
,,,,,,,,,,,,,,
,,,,,,,,,,,,,,
,,,,,,,,,,,,,,
,,,,,,,423,770,,,,,,
,,,,,,,312,365,,,,,,
,,,,,,,246,165,,,,,,
,,,,,,,245,160,,,,,,
,,,,,,,229,115,,,,,,
,,,,,,,235,155,,,,,,
,,,,,,,230,28,,,,,,
,,,,,,,487,1265,,,,,,
,,,,,,,36,0.3,,,,,,
,,,,,,,252,165,,,,,,
,,,,,,,377,525,,,,,,
,,,,,,,128,15,,,,,,
,,,,,,,369,495,,,,,,
